"","Name 1","Name 2","Name 3","Name 4","Name 5","Name 6","Name 7","Name 8","Name 9","Name 10","Name 11","Name 12","Name 13","Name 14"
"Alter 1",0.000835088615536246,0.00979559097041405,0.000566264772801805,0.00293320042183119,0.00840857086708542,0.00424373905086629,0.00720082516372808,0.00111757820572806,0.00170147603739606,0.00257764178004887,0.00278762648381138,0.000515196915593568,0.00624198671735168,0.00066290380986467
"Alter 2",0.00754683960012117,0.0118772504443401,0.00620349201952806,0.00586698429356603,0.00291464112930882,0.00192478215146679,0.00209450862513318,0.00180764926669305,0.00276002767539854,0.00135436737617007,0.00359324951143275,0.00172506603589165,0.0123863099399686,0.00680325133281356
"Alter 3",0.00204185405872191,0.00417910926178738,0.00680796218352844,0.00100121060487606,0.00522729303659025,0.00688064616963777,0.00683424186216385,0.0024302194966743,0.00644997322406148,0.00585893146789168,0.000553913781191398,0.00366985800674087,0.00940992813440353,0.000825132174196351
"Alter 4",0.00442785546138899,0.000382480976709362,0.00656697527009003,0.00531985166091324,0.0061520547551328,0.000701679339309596,0.00391593541532575,0.00242000988186723,0.016852859015123,0.0131077723920812,0.00157365744753024,0.00166230659277604,0.0103629902408505,0.00213637372261274
"Alter 5",0.00347944121508937,0.00399340121070309,0.000589749070317683,0.00210569668269903,0.00211196841671652,0.000199450308576299,0.00182021599753662,0.00848185360452409,0.0105501263292558,0.00732170683055988,1.92780682781113e-05,0.00399588769823625,0.0040700471545693,0.00244390182568744
"Alter 6",0.00874674160240328,0.00390488113248319,0.00190145385183859,0.00101204410908963,0.00453004801034618,0.00375535707622815,0.00505169210795685,0.00709963175906556,0.0352139431091319,0.000521626830462818,0.00047741793444802,0.00236519423969214,0.000873297467304853,0.0158716431862244
"Alter 7",0.0246832219594206,0.00616607163809546,0.00224213752491693,0.00296667572619922,0.00228179624955452,0.00865351399428696,0.00881364787735428,0.00744251126556252,0.0144434069118308,0.012756901424158,0.00752061807224692,0.000683421683052303,0.00720789951941455,0.00295795857999526
"Alter 8",0.00898856574110426,0.00353981480007463,0.00210816315571896,0.000632432164048303,0.00643488503971088,0.0163809422265256,0.000388491807454273,0.0202657284200013,0.0102253454490193,0.0125750572048354,0.0115793182975337,0.00778201776224054,0.00689520456497526,0.0023916981415698
